{"v":"5.6.9","fr":30,"ip":0,"op":123,"w":500,"h":500,"nm":"Comp 1","ddd":0,"assets":[],"layers":[{"ddd":0,"ind":1,"ty":4,"nm":"nose","sr":1,"ks":{"o":{"a":0,"k":100,"ix":11},"r":{"a":0,"k":0,"ix":10},"p":{"a":0,"k":[183.951,343.04,0],"ix":2},"a":{"a":0,"k":[-66.049,93.04,0],"ix":1},"s":{"a":0,"k":[100,100,100],"ix":6}},"ao":0,"shapes":[{"ty":"gr","it":[{"ty":"gr","it":[{"ind":0,"ty":"sh","ix":1,"ks":{"a":1,"k":[{"i":{"x":0.667,"y":1},"o":{"x":0.333,"y":0},"t":0,"s":[{"i":[[-1.34,-5.745],[0,0],[-1.499,1.688],[-1.762,-1.325],[-0.386,-0.33],[-1.8,1.32],[0,0],[7.41,0.404]],"o":[[0,0],[1.983,1.08],[1.084,-1.221],[0.524,0.394],[1.696,1.451],[0,0],[0,0],[-7.41,-0.404]],"v":[[-75.84,87.149],[-74.81,87.71],[-68.88,86.638],[-64.543,85.936],[-63.182,87.022],[-57.22,87.239],[-56.053,86.383],[-63.106,82.138]],"c":true}]},{"i":{"x":0.667,"y":1},"o":{"x":0.333,"y":0},"t":29,"s":[{"i":[[-1.34,-5.745],[0,0],[-1.499,1.688],[-1.762,-1.325],[-0.386,-0.33],[-1.8,1.32],[0,0],[7.41,0.404]],"o":[[0,0],[1.983,1.08],[1.084,-1.221],[0.524,0.394],[1.696,1.451],[0,0],[0,0],[-7.41,-0.404]],"v":[[-75.84,87.149],[-74.81,87.71],[-68.63,89.076],[-64.293,88.374],[-62.932,89.46],[-57.22,87.239],[-56.053,86.383],[-63.106,82.138]],"c":true}]},{"i":{"x":0.667,"y":1},"o":{"x":0.333,"y":0},"t":59,"s":[{"i":[[-1.34,-5.745],[0,0],[-1.499,1.688],[-1.762,-1.325],[-0.386,-0.33],[-1.8,1.32],[0,0],[7.41,0.404]],"o":[[0,0],[1.983,1.08],[1.084,-1.221],[0.524,0.394],[1.696,1.451],[0,0],[0,0],[-7.41,-0.404]],"v":[[-75.84,87.149],[-74.81,87.71],[-68.88,86.638],[-64.543,85.936],[-63.182,87.022],[-57.22,87.239],[-56.053,86.383],[-63.106,82.138]],"c":true}]},{"i":{"x":0.667,"y":1},"o":{"x":0.333,"y":0},"t":88,"s":[{"i":[[-1.34,-5.745],[0,0],[-1.499,1.688],[-1.762,-1.325],[-0.386,-0.33],[-1.8,1.32],[0,0],[7.41,0.404]],"o":[[0,0],[1.983,1.08],[1.084,-1.221],[0.524,0.394],[1.696,1.451],[0,0],[0,0],[-7.41,-0.404]],"v":[[-75.84,87.149],[-74.81,87.71],[-68.63,89.076],[-64.293,88.374],[-62.932,89.46],[-57.22,87.239],[-56.053,86.383],[-63.106,82.138]],"c":true}]},{"t":123,"s":[{"i":[[-1.34,-5.745],[0,0],[-1.499,1.688],[-1.762,-1.325],[-0.386,-0.33],[-1.8,1.32],[0,0],[7.41,0.404]],"o":[[0,0],[1.983,1.08],[1.084,-1.221],[0.524,0.394],[1.696,1.451],[0,0],[0,0],[-7.41,-0.404]],"v":[[-75.84,87.149],[-74.81,87.71],[-68.88,86.638],[-64.543,85.936],[-63.182,87.022],[-57.22,87.239],[-56.053,86.383],[-63.106,82.138]],"c":true}]}],"ix":2},"nm":"Path 1","mn":"ADBE Vector Shape - Group","hd":false},{"ty":"fl","c":{"a":0,"k":[0.905882358551,0.905882358551,0.878431379795,1],"ix":4},"o":{"a":0,"k":100,"ix":5},"r":1,"bm":0,"nm":"Fill 1","mn":"ADBE Vector Graphic - Fill","hd":false},{"ty":"tr","p":{"a":0,"k":[0,0],"ix":2},"a":{"a":0,"k":[0,0],"ix":1},"s":{"a":0,"k":[100,100],"ix":3},"r":{"a":0,"k":0,"ix":6},"o":{"a":0,"k":50,"ix":7},"sk":{"a":0,"k":0,"ix":4},"sa":{"a":0,"k":0,"ix":5},"nm":"Transform"}],"nm":"Group 2","np":2,"cix":2,"bm":0,"ix":1,"mn":"ADBE Vector Group","hd":false},{"ty":"gr","it":[{"ind":0,"ty":"sh","ix":1,"ks":{"a":0,"k":{"i":[[-3.013,-0.97],[-2.224,0.524],[-0.105,2.755],[10,0],[0.045,-2.782]],"o":[[2.175,0.7],[3.126,-0.737],[0.06,-1.569],[-10,0],[-0.045,2.744]],"v":[[-69.678,93.795],[-62.966,94.058],[-55.56,87.069],[-65.5,81.5],[-76.545,86.282]],"c":true},"ix":2},"nm":"Path 1","mn":"ADBE Vector Shape - Group","hd":false},{"ty":"fl","c":{"a":0,"k":[0.219607858097,0.215686289469,0.215686289469,1],"ix":4},"o":{"a":0,"k":100,"ix":5},"r":1,"bm":0,"nm":"Fill 1","mn":"ADBE Vector Graphic - Fill","hd":false},{"ty":"st","c":{"a":0,"k":[0.505882382393,0.537254929543,0.568627476692,1],"ix":3},"o":{"a":0,"k":100,"ix":4},"w":{"a":0,"k":1,"ix":5},"lc":1,"lj":1,"ml":10,"bm":0,"nm":"Stroke 1","mn":"ADBE Vector Graphic - Stroke","hd":false},{"ty":"tr","p":{"a":0,"k":[0,0],"ix":2},"a":{"a":0,"k":[0,0],"ix":1},"s":{"a":0,"k":[100,100],"ix":3},"r":{"a":0,"k":0,"ix":6},"o":{"a":0,"k":100,"ix":7},"sk":{"a":0,"k":0,"ix":4},"sa":{"a":0,"k":0,"ix":5},"nm":"Transform"}],"nm":"Group 1","np":3,"cix":2,"bm":0,"ix":2,"mn":"ADBE Vector Group","hd":false},{"ty":"tr","p":{"a":1,"k":[{"i":{"x":0.833,"y":0.833},"o":{"x":0.167,"y":0.167},"t":0,"s":[0,0],"to":[0,0],"ti":[0,0]},{"i":{"x":0.833,"y":0.833},"o":{"x":0.167,"y":0.167},"t":29,"s":[0,6],"to":[0,0],"ti":[0,0]},{"i":{"x":0.833,"y":0.833},"o":{"x":0.167,"y":0.167},"t":59,"s":[0,0],"to":[0,0],"ti":[0,0]},{"i":{"x":0.833,"y":0.833},"o":{"x":0.167,"y":0.167},"t":90,"s":[0,6],"to":[0,0],"ti":[0,0]},{"t":123,"s":[0,0]}],"ix":2},"a":{"a":0,"k":[0,0],"ix":1},"s":{"a":0,"k":[100,100],"ix":3},"r":{"a":0,"k":0,"ix":6},"o":{"a":0,"k":100,"ix":7},"sk":{"a":0,"k":0,"ix":4},"sa":{"a":0,"k":0,"ix":5},"nm":"Transform"}],"nm":"Group 2","np":2,"cix":2,"bm":0,"ix":1,"mn":"ADBE Vector Group","hd":false},{"ty":"gr","it":[{"ind":0,"ty":"sh","ix":1,"ks":{"a":0,"k":{"i":[[0,0],[0,0]],"o":[[0,0],[0,0]],"v":[[-65.473,96.829],[-65.918,104.581]],"c":false},"ix":2},"nm":"Path 1","mn":"ADBE Vector Shape - Group","hd":false},{"ty":"st","c":{"a":0,"k":[0.505882382393,0.537254929543,0.568627476692,1],"ix":3},"o":{"a":0,"k":100,"ix":4},"w":{"a":0,"k":1,"ix":5},"lc":1,"lj":1,"ml":10,"bm":0,"nm":"Stroke 1","mn":"ADBE Vector Graphic - Stroke","hd":false},{"ty":"tr","p":{"a":0,"k":[0,0],"ix":2},"a":{"a":0,"k":[0,0],"ix":1},"s":{"a":0,"k":[100,100],"ix":3},"r":{"a":0,"k":0,"ix":6},"o":{"a":0,"k":100,"ix":7},"sk":{"a":0,"k":0,"ix":4},"sa":{"a":0,"k":0,"ix":5},"nm":"Transform"}],"nm":"Group 1","np":2,"cix":2,"bm":0,"ix":2,"mn":"ADBE Vector Group","hd":false}],"ip":0,"op":150,"st":0,"bm":0},{"ddd":0,"ind":2,"ty":4,"nm":"Left eye","sr":1,"ks":{"o":{"a":0,"k":100,"ix":11},"r":{"a":0,"k":-1,"ix":10},"p":{"a":1,"k":[{"i":{"x":0.667,"y":1},"o":{"x":0.333,"y":0},"t":0,"s":[167.211,306.747,0],"to":[0,0.667,0],"ti":[0,0,0]},{"i":{"x":0.667,"y":1},"o":{"x":0.333,"y":0},"t":29,"s":[167.211,310.747,0],"to":[0,0,0],"ti":[0,0,0]},{"i":{"x":0.667,"y":1},"o":{"x":0.333,"y":0},"t":59,"s":[167.211,306.747,0],"to":[0,0,0],"ti":[0,0,0]},{"i":{"x":0.667,"y":1},"o":{"x":0.333,"y":0},"t":91,"s":[167.211,310.747,0],"to":[0,0,0],"ti":[0,0.667,0]},{"t":123,"s":[167.211,306.747,0]}],"ix":2},"a":{"a":0,"k":[-81.539,56.997,0],"ix":1},"s":{"a":0,"k":[100,100,100],"ix":6}},"ao":0,"shapes":[{"ty":"gr","it":[{"ind":0,"ty":"sh","ix":1,"ks":{"a":1,"k":[{"i":{"x":0.667,"y":1},"o":{"x":0.333,"y":0},"t":0,"s":[{"i":[[0.97,-5.21],[0,0],[-0.24,0.87],[-4.27,-1.14]],"o":[[0,0],[0.06,-0.84],[1.5,-5.6],[4,1.08]],"v":[[-73.642,58],[-89.772,57.51],[-89.342,54.93],[-78.902,46.85]],"c":true}]},{"i":{"x":0.667,"y":1},"o":{"x":0.333,"y":0},"t":29,"s":[{"i":[[0.97,-5.21],[0,0],[-0.24,0.87],[-4.27,-1.14]],"o":[[0,0],[0.06,-0.84],[1.5,-5.6],[4,1.08]],"v":[[-73.732,59.561],[-89.862,59.071],[-89.342,54.93],[-78.902,46.85]],"c":true}]},{"i":{"x":0.667,"y":1},"o":{"x":0.333,"y":0},"t":59,"s":[{"i":[[0.97,-5.21],[0,0],[-0.24,0.87],[-4.27,-1.14]],"o":[[0,0],[0.06,-0.84],[1.5,-5.6],[4,1.08]],"v":[[-73.642,58],[-89.772,57.51],[-89.342,54.93],[-78.902,46.85]],"c":true}]},{"i":{"x":0.667,"y":1},"o":{"x":0.333,"y":0},"t":88,"s":[{"i":[[0.97,-5.21],[0,0],[-0.24,0.87],[-4.27,-1.14]],"o":[[0,0],[0.06,-0.84],[1.5,-5.6],[4,1.08]],"v":[[-73.732,59.561],[-89.862,59.071],[-89.342,54.93],[-78.902,46.85]],"c":true}]},{"t":123,"s":[{"i":[[0.97,-5.21],[0,0],[-0.24,0.87],[-4.27,-1.14]],"o":[[0,0],[0.06,-0.84],[1.5,-5.6],[4,1.08]],"v":[[-73.642,58],[-89.772,57.51],[-89.342,54.93],[-78.902,46.85]],"c":true}]}],"ix":2},"nm":"Path 1","mn":"ADBE Vector Shape - Group","hd":false},{"ty":"st","c":{"a":0,"k":[0.505882382393,0.537254929543,0.568627476692,1],"ix":3},"o":{"a":0,"k":100,"ix":4},"w":{"a":0,"k":1,"ix":5},"lc":1,"lj":1,"ml":10,"bm":0,"nm":"Stroke 1","mn":"ADBE Vector Graphic - Stroke","hd":false},{"ty":"fl","c":{"a":0,"k":[0.854901969433,0.843137264252,0.772549033165,1],"ix":4},"o":{"a":0,"k":100,"ix":5},"r":1,"bm":0,"nm":"Fill 1","mn":"ADBE Vector Graphic - Fill","hd":false},{"ty":"tr","p":{"a":0,"k":[0,0],"ix":2},"a":{"a":0,"k":[0,0],"ix":1},"s":{"a":0,"k":[100,100],"ix":3},"r":{"a":0,"k":0,"ix":6},"o":{"a":0,"k":100,"ix":7},"sk":{"a":0,"k":0,"ix":4},"sa":{"a":0,"k":0,"ix":5},"nm":"Transform"}],"nm":"Group 1","np":3,"cix":2,"bm":0,"ix":1,"mn":"ADBE Vector Group","hd":false},{"ty":"gr","it":[{"d":1,"ty":"el","s":{"a":0,"k":[9.188,9.813],"ix":2},"p":{"a":0,"k":[0,0],"ix":3},"nm":"Ellipse Path 1","mn":"ADBE Vector Shape - Ellipse","hd":false},{"ty":"fl","c":{"a":0,"k":[0.220392204733,0.214515087651,0.214515087651,1],"ix":4},"o":{"a":0,"k":100,"ix":5},"r":1,"bm":0,"nm":"Fill 1","mn":"ADBE Vector Graphic - Fill","hd":false},{"ty":"tr","p":{"a":1,"k":[{"i":{"x":0.667,"y":1},"o":{"x":0.333,"y":0},"t":60,"s":[-81.691,55.945],"to":[0.333,0],"ti":[0,0]},{"i":{"x":0.667,"y":1},"o":{"x":0.333,"y":0},"t":65,"s":[-79.691,55.945],"to":[0,0],"ti":[0.333,0]},{"t":70,"s":[-81.691,55.945]}],"ix":2},"a":{"a":0,"k":[0,0],"ix":1},"s":{"a":0,"k":[100,100],"ix":3},"r":{"a":0,"k":0,"ix":6},"o":{"a":0,"k":100,"ix":7},"sk":{"a":0,"k":0,"ix":4},"sa":{"a":0,"k":0,"ix":5},"nm":"Transform"}],"nm":"Ellipse 1","np":3,"cix":2,"bm":0,"ix":2,"mn":"ADBE Vector Group","hd":false},{"ty":"gr","it":[{"ind":0,"ty":"sh","ix":1,"ks":{"a":0,"k":{"i":[[1.498,-5.602],[4.268,1.141],[-1.498,5.602],[-4.268,-1.141]],"o":[[-1.498,5.602],[-4.268,-1.141],[1.498,-5.602],[4.268,1.141]],"v":[[-73.772,59.067],[-84.213,67.144],[-89.228,54.933],[-78.787,46.856]],"c":true},"ix":2},"nm":"Path 1","mn":"ADBE Vector Shape - Group","hd":false},{"ty":"fl","c":{"a":0,"k":[1,1,1,1],"ix":4},"o":{"a":0,"k":100,"ix":5},"r":1,"bm":0,"nm":"Fill 1","mn":"ADBE Vector Graphic - Fill","hd":false},{"ty":"st","c":{"a":0,"k":[0.505882382393,0.537254929543,0.568627476692,1],"ix":3},"o":{"a":0,"k":100,"ix":4},"w":{"a":0,"k":1,"ix":5},"lc":1,"lj":1,"ml":10,"bm":0,"nm":"Stroke 1","mn":"ADBE Vector Graphic - Stroke","hd":false},{"ty":"tr","p":{"a":0,"k":[0,0],"ix":2},"a":{"a":0,"k":[0,0],"ix":1},"s":{"a":0,"k":[100,100],"ix":3},"r":{"a":0,"k":0,"ix":6},"o":{"a":0,"k":100,"ix":7},"sk":{"a":0,"k":0,"ix":4},"sa":{"a":0,"k":0,"ix":5},"nm":"Transform"}],"nm":"Group 2","np":3,"cix":2,"bm":0,"ix":3,"mn":"ADBE Vector Group","hd":false}],"ip":0,"op":150,"st":0,"bm":0},{"ddd":0,"ind":3,"ty":4,"nm":"Right-eye","sr":1,"ks":{"o":{"a":0,"k":100,"ix":11},"r":{"a":0,"k":1,"ix":10},"p":{"a":1,"k":[{"i":{"x":0.667,"y":1},"o":{"x":0.333,"y":0},"t":0,"s":[203.461,306.997,0],"to":[0,0.667,0],"ti":[0,0,0]},{"i":{"x":0.667,"y":1},"o":{"x":0.333,"y":0},"t":29,"s":[203.461,310.997,0],"to":[0,0,0],"ti":[0,0,0]},{"i":{"x":0.667,"y":1},"o":{"x":0.333,"y":0},"t":59,"s":[203.461,306.997,0],"to":[0,0,0],"ti":[0,0,0]},{"i":{"x":0.667,"y":1},"o":{"x":0.333,"y":0},"t":91,"s":[203.461,310.997,0],"to":[0,0,0],"ti":[0,0.667,0]},{"t":123,"s":[203.461,306.997,0]}],"ix":2},"a":{"a":0,"k":[-81.539,56.997,0],"ix":1},"s":{"a":0,"k":[-100,100,100],"ix":6}},"ao":0,"shapes":[{"ty":"gr","it":[{"ind":0,"ty":"sh","ix":1,"ks":{"a":1,"k":[{"i":{"x":0.667,"y":1},"o":{"x":0.333,"y":0},"t":0,"s":[{"i":[[0.97,-5.21],[0,0],[-0.24,0.87],[-4.27,-1.14]],"o":[[0,0],[0.06,-0.84],[1.5,-5.6],[4,1.08]],"v":[[-73.642,58],[-89.772,57.51],[-89.342,54.93],[-78.902,46.85]],"c":true}]},{"i":{"x":0.667,"y":1},"o":{"x":0.333,"y":0},"t":29,"s":[{"i":[[0.97,-5.21],[0,0],[-0.24,0.87],[-4.27,-1.14]],"o":[[0,0],[0.06,-0.84],[1.5,-5.6],[4,1.08]],"v":[[-73.732,59.561],[-89.862,59.071],[-89.342,54.93],[-78.902,46.85]],"c":true}]},{"i":{"x":0.667,"y":1},"o":{"x":0.333,"y":0},"t":59,"s":[{"i":[[0.97,-5.21],[0,0],[-0.24,0.87],[-4.27,-1.14]],"o":[[0,0],[0.06,-0.84],[1.5,-5.6],[4,1.08]],"v":[[-73.642,58],[-89.772,57.51],[-89.342,54.93],[-78.902,46.85]],"c":true}]},{"i":{"x":0.667,"y":1},"o":{"x":0.333,"y":0},"t":88,"s":[{"i":[[0.97,-5.21],[0,0],[-0.24,0.87],[-4.27,-1.14]],"o":[[0,0],[0.06,-0.84],[1.5,-5.6],[4,1.08]],"v":[[-73.732,59.561],[-89.862,59.071],[-89.342,54.93],[-78.902,46.85]],"c":true}]},{"t":123,"s":[{"i":[[0.97,-5.21],[0,0],[-0.24,0.87],[-4.27,-1.14]],"o":[[0,0],[0.06,-0.84],[1.5,-5.6],[4,1.08]],"v":[[-73.642,58],[-89.772,57.51],[-89.342,54.93],[-78.902,46.85]],"c":true}]}],"ix":2},"nm":"Path 1","mn":"ADBE Vector Shape - Group","hd":false},{"ty":"st","c":{"a":0,"k":[0.505882382393,0.537254929543,0.568627476692,1],"ix":3},"o":{"a":0,"k":100,"ix":4},"w":{"a":0,"k":1,"ix":5},"lc":1,"lj":1,"ml":10,"bm":0,"nm":"Stroke 1","mn":"ADBE Vector Graphic - Stroke","hd":false},{"ty":"fl","c":{"a":0,"k":[0.854901969433,0.843137264252,0.772549033165,1],"ix":4},"o":{"a":0,"k":100,"ix":5},"r":1,"bm":0,"nm":"Fill 1","mn":"ADBE Vector Graphic - Fill","hd":false},{"ty":"tr","p":{"a":0,"k":[0,0],"ix":2},"a":{"a":0,"k":[0,0],"ix":1},"s":{"a":0,"k":[100,100],"ix":3},"r":{"a":0,"k":0,"ix":6},"o":{"a":0,"k":100,"ix":7},"sk":{"a":0,"k":0,"ix":4},"sa":{"a":0,"k":0,"ix":5},"nm":"Transform"}],"nm":"Group 1","np":3,"cix":2,"bm":0,"ix":1,"mn":"ADBE Vector Group","hd":false},{"ty":"gr","it":[{"d":1,"ty":"el","s":{"a":0,"k":[9.188,9.813],"ix":2},"p":{"a":0,"k":[0,0],"ix":3},"nm":"Ellipse Path 1","mn":"ADBE Vector Shape - Ellipse","hd":false},{"ty":"fl","c":{"a":0,"k":[0.220392204733,0.214515087651,0.214515087651,1],"ix":4},"o":{"a":0,"k":100,"ix":5},"r":1,"bm":0,"nm":"Fill 1","mn":"ADBE Vector Graphic - Fill","hd":false},{"ty":"tr","p":{"a":1,"k":[{"i":{"x":0.667,"y":1},"o":{"x":0.333,"y":0},"t":60,"s":[-81.691,55.945],"to":[-0.333,0],"ti":[0,0]},{"i":{"x":0.667,"y":1},"o":{"x":0.333,"y":0},"t":64,"s":[-83.691,55.945],"to":[0,0],"ti":[-0.333,0]},{"t":70,"s":[-81.691,55.945]}],"ix":2},"a":{"a":0,"k":[0,0],"ix":1},"s":{"a":0,"k":[100,100],"ix":3},"r":{"a":0,"k":0,"ix":6},"o":{"a":0,"k":100,"ix":7},"sk":{"a":0,"k":0,"ix":4},"sa":{"a":0,"k":0,"ix":5},"nm":"Transform"}],"nm":"Ellipse 1","np":3,"cix":2,"bm":0,"ix":2,"mn":"ADBE Vector Group","hd":false},{"ty":"gr","it":[{"ind":0,"ty":"sh","ix":1,"ks":{"a":0,"k":{"i":[[1.498,-5.602],[4.268,1.141],[-1.498,5.602],[-4.268,-1.141]],"o":[[-1.498,5.602],[-4.268,-1.141],[1.498,-5.602],[4.268,1.141]],"v":[[-73.772,59.067],[-84.213,67.144],[-89.228,54.933],[-78.787,46.856]],"c":true},"ix":2},"nm":"Path 1","mn":"ADBE Vector Shape - Group","hd":false},{"ty":"fl","c":{"a":0,"k":[1,1,1,1],"ix":4},"o":{"a":0,"k":100,"ix":5},"r":1,"bm":0,"nm":"Fill 1","mn":"ADBE Vector Graphic - Fill","hd":false},{"ty":"st","c":{"a":0,"k":[0.505882382393,0.537254929543,0.568627476692,1],"ix":3},"o":{"a":0,"k":100,"ix":4},"w":{"a":0,"k":1,"ix":5},"lc":1,"lj":1,"ml":10,"bm":0,"nm":"Stroke 1","mn":"ADBE Vector Graphic - Stroke","hd":false},{"ty":"tr","p":{"a":0,"k":[0,0],"ix":2},"a":{"a":0,"k":[0,0],"ix":1},"s":{"a":0,"k":[100,100],"ix":3},"r":{"a":0,"k":0,"ix":6},"o":{"a":0,"k":100,"ix":7},"sk":{"a":0,"k":0,"ix":4},"sa":{"a":0,"k":0,"ix":5},"nm":"Transform"}],"nm":"Group 2","np":3,"cix":2,"bm":0,"ix":3,"mn":"ADBE Vector Group","hd":false}],"ip":0,"op":150,"st":0,"bm":0},{"ddd":0,"ind":4,"ty":4,"nm":"Face","sr":1,"ks":{"o":{"a":0,"k":100,"ix":11},"r":{"a":0,"k":0,"ix":10},"p":{"a":0,"k":[192.428,306.825,0],"ix":2},"a":{"a":0,"k":[-57.572,56.825,0],"ix":1},"s":{"a":0,"k":[100,100,100],"ix":6}},"ao":0,"shapes":[{"ty":"gr","it":[{"ty":"gr","it":[{"ty":"gr","it":[{"ind":0,"ty":"sh","ix":1,"ks":{"a":0,"k":{"i":[[0,0],[11.384,-0.301]],"o":[[-7.903,-8.122],[0,0]],"v":[[14.988,99.517],[-14.159,88.308]],"c":false},"ix":2},"nm":"Path 1","mn":"ADBE Vector Shape - Group","hd":false},{"ty":"st","c":{"a":0,"k":[0.505882382393,0.537254929543,0.568627476692,1],"ix":3},"o":{"a":0,"k":100,"ix":4},"w":{"a":0,"k":1,"ix":5},"lc":1,"lj":1,"ml":10,"bm":0,"nm":"Stroke 1","mn":"ADBE Vector Graphic - Stroke","hd":false},{"ty":"tr","p":{"a":0,"k":[0,0],"ix":2},"a":{"a":0,"k":[0,0],"ix":1},"s":{"a":0,"k":[100,100],"ix":3},"r":{"a":0,"k":0,"ix":6},"o":{"a":0,"k":100,"ix":7},"sk":{"a":0,"k":0,"ix":4},"sa":{"a":0,"k":0,"ix":5},"nm":"Transform"}],"nm":"Group 1","np":2,"cix":2,"bm":0,"ix":1,"mn":"ADBE Vector Group","hd":false},{"ty":"gr","it":[{"ind":0,"ty":"sh","ix":1,"ks":{"a":0,"k":{"i":[[0,0],[14.402,-2.561]],"o":[[-11.593,-8.804],[0,0]],"v":[[25.5,90.266],[-13.666,81.605]],"c":false},"ix":2},"nm":"Path 1","mn":"ADBE Vector Shape - Group","hd":false},{"ty":"st","c":{"a":0,"k":[0.505882382393,0.537254929543,0.568627476692,1],"ix":3},"o":{"a":0,"k":100,"ix":4},"w":{"a":0,"k":1,"ix":5},"lc":1,"lj":1,"ml":10,"bm":0,"nm":"Stroke 1","mn":"ADBE Vector Graphic - Stroke","hd":false},{"ty":"tr","p":{"a":0,"k":[0,0],"ix":2},"a":{"a":0,"k":[0,0],"ix":1},"s":{"a":0,"k":[100,100],"ix":3},"r":{"a":0,"k":0,"ix":6},"o":{"a":0,"k":100,"ix":7},"sk":{"a":0,"k":0,"ix":4},"sa":{"a":0,"k":0,"ix":5},"nm":"Transform"}],"nm":"Group 2","np":2,"cix":2,"bm":0,"ix":2,"mn":"ADBE Vector Group","hd":false},{"ty":"gr","it":[{"ind":0,"ty":"sh","ix":1,"ks":{"a":0,"k":{"i":[[0,0],[13.052,-6.605]],"o":[[-13.639,-5.088],[0,0]],"v":[[24.356,75.5],[-15.644,78.5]],"c":false},"ix":2},"nm":"Path 1","mn":"ADBE Vector Shape - Group","hd":false},{"ty":"st","c":{"a":0,"k":[0.505882382393,0.537254929543,0.568627476692,1],"ix":3},"o":{"a":0,"k":100,"ix":4},"w":{"a":0,"k":1,"ix":5},"lc":1,"lj":1,"ml":10,"bm":0,"nm":"Stroke 1","mn":"ADBE Vector Graphic - Stroke","hd":false},{"ty":"tr","p":{"a":0,"k":[0,0],"ix":2},"a":{"a":0,"k":[0,0],"ix":1},"s":{"a":0,"k":[100,100],"ix":3},"r":{"a":0,"k":0,"ix":6},"o":{"a":0,"k":100,"ix":7},"sk":{"a":0,"k":0,"ix":4},"sa":{"a":0,"k":0,"ix":5},"nm":"Transform"}],"nm":"Group 3","np":2,"cix":2,"bm":0,"ix":3,"mn":"ADBE Vector Group","hd":false},{"ty":"tr","p":{"a":0,"k":[4.928,85.986],"ix":2},"a":{"a":0,"k":[4.928,85.986],"ix":1},"s":{"a":0,"k":[100,100],"ix":3},"r":{"a":0,"k":0,"ix":6},"o":{"a":0,"k":100,"ix":7},"sk":{"a":0,"k":0,"ix":4},"sa":{"a":0,"k":0,"ix":5},"nm":"Transform"}],"nm":"right-mustache","np":3,"cix":2,"bm":0,"ix":1,"mn":"ADBE Vector Group","hd":false},{"ty":"gr","it":[{"ty":"gr","it":[{"ind":0,"ty":"sh","ix":1,"ks":{"a":1,"k":[{"i":{"x":0.667,"y":1},"o":{"x":0.333,"y":0},"t":-0.823,"s":[{"i":[[0,0],[-11.384,-0.301]],"o":[[7.903,-8.122],[0,0]],"v":[[-130.132,100.517],[-100.985,89.308]],"c":false}]},{"t":121.607421875,"s":[{"i":[[0,0],[-11.384,-0.301]],"o":[[7.903,-8.122],[0,0]],"v":[[-130.132,100.517],[-100.985,89.308]],"c":false}]}],"ix":2},"nm":"Path 1","mn":"ADBE Vector Shape - Group","hd":false},{"ty":"st","c":{"a":0,"k":[0.505882382393,0.537254929543,0.568627476692,1],"ix":3},"o":{"a":0,"k":100,"ix":4},"w":{"a":0,"k":1,"ix":5},"lc":1,"lj":1,"ml":10,"bm":0,"nm":"Stroke 1","mn":"ADBE Vector Graphic - Stroke","hd":false},{"ty":"tr","p":{"a":0,"k":[0,0],"ix":2},"a":{"a":0,"k":[0,0],"ix":1},"s":{"a":0,"k":[100,100],"ix":3},"r":{"a":0,"k":0,"ix":6},"o":{"a":0,"k":100,"ix":7},"sk":{"a":0,"k":0,"ix":4},"sa":{"a":0,"k":0,"ix":5},"nm":"Transform"}],"nm":"Group 4","np":2,"cix":2,"bm":0,"ix":1,"mn":"ADBE Vector Group","hd":false},{"ty":"gr","it":[{"ind":0,"ty":"sh","ix":1,"ks":{"a":1,"k":[{"i":{"x":0.667,"y":1},"o":{"x":0.333,"y":0},"t":-0.823,"s":[{"i":[[0,0],[-14.402,-2.561]],"o":[[11.593,-8.804],[0,0]],"v":[[-140.644,91.266],[-101.478,82.605]],"c":false}]},{"t":121.607421875,"s":[{"i":[[0,0],[-14.402,-2.561]],"o":[[11.593,-8.804],[0,0]],"v":[[-140.644,91.266],[-101.478,82.605]],"c":false}]}],"ix":2},"nm":"Path 1","mn":"ADBE Vector Shape - Group","hd":false},{"ty":"st","c":{"a":0,"k":[0.505882382393,0.537254929543,0.568627476692,1],"ix":3},"o":{"a":0,"k":100,"ix":4},"w":{"a":0,"k":1,"ix":5},"lc":1,"lj":1,"ml":10,"bm":0,"nm":"Stroke 1","mn":"ADBE Vector Graphic - Stroke","hd":false},{"ty":"tr","p":{"a":0,"k":[0,0],"ix":2},"a":{"a":0,"k":[0,0],"ix":1},"s":{"a":0,"k":[100,100],"ix":3},"r":{"a":0,"k":0,"ix":6},"o":{"a":0,"k":100,"ix":7},"sk":{"a":0,"k":0,"ix":4},"sa":{"a":0,"k":0,"ix":5},"nm":"Transform"}],"nm":"Group 5","np":2,"cix":2,"bm":0,"ix":2,"mn":"ADBE Vector Group","hd":false},{"ty":"gr","it":[{"ind":0,"ty":"sh","ix":1,"ks":{"a":1,"k":[{"i":{"x":0.667,"y":1},"o":{"x":0.333,"y":0},"t":-0.823,"s":[{"i":[[0,0],[-13.052,-6.605]],"o":[[13.639,-5.088],[0,0]],"v":[[-139.5,76.5],[-99.5,79.5]],"c":false}]},{"t":121.607421875,"s":[{"i":[[0,0],[-13.052,-6.605]],"o":[[13.639,-5.088],[0,0]],"v":[[-139.5,76.5],[-99.5,79.5]],"c":false}]}],"ix":2},"nm":"Path 1","mn":"ADBE Vector Shape - Group","hd":false},{"ty":"st","c":{"a":0,"k":[0.505882382393,0.537254929543,0.568627476692,1],"ix":3},"o":{"a":0,"k":100,"ix":4},"w":{"a":0,"k":1,"ix":5},"lc":1,"lj":1,"ml":10,"bm":0,"nm":"Stroke 1","mn":"ADBE Vector Graphic - Stroke","hd":false},{"ty":"tr","p":{"a":0,"k":[0,0],"ix":2},"a":{"a":0,"k":[0,0],"ix":1},"s":{"a":0,"k":[100,100],"ix":3},"r":{"a":0,"k":0,"ix":6},"o":{"a":0,"k":100,"ix":7},"sk":{"a":0,"k":0,"ix":4},"sa":{"a":0,"k":0,"ix":5},"nm":"Transform"}],"nm":"Group 6","np":2,"cix":2,"bm":0,"ix":3,"mn":"ADBE Vector Group","hd":false},{"ty":"tr","p":{"a":0,"k":[-120.072,86.986],"ix":2},"a":{"a":0,"k":[-120.072,86.986],"ix":1},"s":{"a":0,"k":[100,100],"ix":3},"r":{"a":0,"k":0,"ix":6},"o":{"a":0,"k":100,"ix":7},"sk":{"a":0,"k":0,"ix":4},"sa":{"a":0,"k":0,"ix":5},"nm":"Transform"}],"nm":"left-mustache","np":3,"cix":2,"bm":0,"ix":2,"mn":"ADBE Vector Group","hd":false},{"ty":"tr","p":{"a":1,"k":[{"i":{"x":0.667,"y":1},"o":{"x":0.333,"y":0},"t":0,"s":[-57.572,86.486],"to":[0,0.667],"ti":[0,0]},{"i":{"x":0.667,"y":1},"o":{"x":0.333,"y":0},"t":29,"s":[-57.572,90.486],"to":[0,0],"ti":[0,0]},{"i":{"x":0.667,"y":1},"o":{"x":0.333,"y":0},"t":59,"s":[-57.572,86.486],"to":[0,0],"ti":[0,0]},{"i":{"x":0.667,"y":1},"o":{"x":0.333,"y":0},"t":91,"s":[-57.572,90.486],"to":[0,0],"ti":[0,0.667]},{"t":122,"s":[-57.572,86.486]}],"ix":2},"a":{"a":0,"k":[-57.572,86.486],"ix":1},"s":{"a":0,"k":[100,100],"ix":3},"r":{"a":0,"k":0,"ix":6},"o":{"a":0,"k":100,"ix":7},"sk":{"a":0,"k":0,"ix":4},"sa":{"a":0,"k":0,"ix":5},"nm":"Transform"}],"nm":"Group 11","np":2,"cix":2,"bm":0,"ix":1,"mn":"ADBE Vector Group","hd":false},{"ty":"gr","it":[{"ind":0,"ty":"sh","ix":1,"ks":{"a":1,"k":[{"i":{"x":0.667,"y":1},"o":{"x":0.333,"y":0},"t":-0.823,"s":[{"i":[[6.018,-3.655],[0,0],[0.443,-11.282],[5.38,3.689]],"o":[[0,0],[5.067,9.435],[-1.335,-9.332],[-4.641,-1.009]],"v":[[-22.106,23.851],[-3.596,9.298],[2.021,40.816],[-5.468,17.681]],"c":true}]},{"i":{"x":0.667,"y":1},"o":{"x":0.333,"y":0},"t":29,"s":[{"i":[[6.018,-3.655],[0,0],[0.443,-11.282],[5.38,3.689]],"o":[[0,0],[5.067,9.435],[-1.335,-9.332],[-4.641,-1.009]],"v":[[-22.106,27.351],[-3.596,12.798],[2.021,44.316],[-6.468,24.431]],"c":true}]},{"i":{"x":0.667,"y":1},"o":{"x":0.333,"y":0},"t":58.822,"s":[{"i":[[6.018,-3.655],[0,0],[0.443,-11.282],[5.38,3.689]],"o":[[0,0],[5.067,9.435],[-1.335,-9.332],[-4.641,-1.009]],"v":[[-22.106,23.851],[-3.596,9.298],[2.021,40.816],[-5.468,17.681]],"c":true}]},{"i":{"x":0.667,"y":1},"o":{"x":0.333,"y":0},"t":90,"s":[{"i":[[6.018,-3.655],[0,0],[0.443,-11.282],[5.38,3.689]],"o":[[0,0],[5.067,9.435],[-1.335,-9.332],[-4.641,-1.009]],"v":[[-22.106,27.351],[-3.596,12.798],[2.021,44.316],[-6.968,24.931]],"c":true}]},{"t":121.607421875,"s":[{"i":[[6.018,-3.655],[0,0],[0.443,-11.282],[5.38,3.689]],"o":[[0,0],[5.067,9.435],[-1.335,-9.332],[-4.641,-1.009]],"v":[[-22.106,23.851],[-3.596,9.298],[2.021,40.816],[-5.468,17.681]],"c":true}]}],"ix":2},"nm":"Path 1","mn":"ADBE Vector Shape - Group","hd":false},{"ty":"fl","c":{"a":0,"k":[0.905882358551,0.905882358551,0.878431379795,1],"ix":4},"o":{"a":0,"k":100,"ix":5},"r":1,"bm":0,"nm":"Fill 1","mn":"ADBE Vector Graphic - Fill","hd":false},{"ty":"tr","p":{"a":0,"k":[0,0],"ix":2},"a":{"a":0,"k":[0,0],"ix":1},"s":{"a":0,"k":[100,100],"ix":3},"r":{"a":0,"k":0,"ix":6},"o":{"a":0,"k":100,"ix":7},"sk":{"a":0,"k":0,"ix":4},"sa":{"a":0,"k":0,"ix":5},"nm":"Transform"}],"nm":"Group 7","np":2,"cix":2,"bm":0,"ix":2,"mn":"ADBE Vector Group","hd":false},{"ty":"gr","it":[{"ind":0,"ty":"sh","ix":1,"ks":{"a":1,"k":[{"i":{"x":0.667,"y":1},"o":{"x":0.333,"y":0},"t":-0.823,"s":[{"i":[[-24.511,-8.34],[18.278,-2.031],[0,0],[4.931,2.183],[-2.366,-7.69]],"o":[[0,0],[-10.497,1.166],[-4.938,-7.316],[7.172,6.475],[0,0]],"v":[[-36.106,23.809],[-66.049,19.536],[-83.58,24.213],[-98.383,9.106],[-83.766,30.277]],"c":true}]},{"i":{"x":0.667,"y":1},"o":{"x":0.333,"y":0},"t":29,"s":[{"i":[[-24.511,-8.34],[18.278,-2.031],[0,0],[4.931,2.183],[-2.366,-7.69]],"o":[[0,0],[-10.497,1.166],[-4.938,-7.316],[7.172,6.475],[0,0]],"v":[[-36.106,27.309],[-66.049,23.036],[-83.58,27.713],[-98.383,12.606],[-83.766,33.777]],"c":true}]},{"i":{"x":0.667,"y":1},"o":{"x":0.333,"y":0},"t":58.822,"s":[{"i":[[-24.511,-8.34],[18.278,-2.031],[0,0],[4.931,2.183],[-2.366,-7.69]],"o":[[0,0],[-10.497,1.166],[-4.938,-7.316],[7.172,6.475],[0,0]],"v":[[-36.106,23.809],[-66.049,19.536],[-83.58,24.213],[-98.383,9.106],[-83.766,30.277]],"c":true}]},{"i":{"x":0.667,"y":1},"o":{"x":0.333,"y":0},"t":90.215,"s":[{"i":[[-24.511,-8.34],[18.278,-2.031],[0,0],[4.931,2.183],[-2.366,-7.69]],"o":[[0,0],[-10.497,1.166],[-4.938,-7.316],[7.172,6.475],[0,0]],"v":[[-36.106,27.309],[-66.049,23.036],[-83.58,27.713],[-98.383,12.606],[-83.766,33.777]],"c":true}]},{"t":121.607421875,"s":[{"i":[[-24.511,-8.34],[18.278,-2.031],[0,0],[4.931,2.183],[-2.366,-7.69]],"o":[[0,0],[-10.497,1.166],[-4.938,-7.316],[7.172,6.475],[0,0]],"v":[[-36.106,23.809],[-66.049,19.536],[-83.58,24.213],[-98.383,9.106],[-83.766,30.277]],"c":true}]}],"ix":2},"nm":"Path 1","mn":"ADBE Vector Shape - Group","hd":false},{"ty":"fl","c":{"a":0,"k":[0.905882358551,0.905882358551,0.878431379795,1],"ix":4},"o":{"a":0,"k":100,"ix":5},"r":1,"bm":0,"nm":"Fill 1","mn":"ADBE Vector Graphic - Fill","hd":false},{"ty":"tr","p":{"a":0,"k":[0,0],"ix":2},"a":{"a":0,"k":[0,0],"ix":1},"s":{"a":0,"k":[100,100],"ix":3},"r":{"a":0,"k":0,"ix":6},"o":{"a":0,"k":100,"ix":7},"sk":{"a":0,"k":0,"ix":4},"sa":{"a":0,"k":0,"ix":5},"nm":"Transform"}],"nm":"Group 8","np":2,"cix":2,"bm":0,"ix":3,"mn":"ADBE Vector Group","hd":false},{"ty":"gr","it":[{"ind":0,"ty":"sh","ix":1,"ks":{"a":1,"k":[{"i":{"x":0.667,"y":1},"o":{"x":0.333,"y":0},"t":-0.823,"s":[{"i":[[0,0],[-4.392,9.159],[-0.766,-20.383],[-11.316,-20.287],[0,0],[-11,22]],"o":[[-3.187,-8.025],[0,0],[0,0],[9.681,17.357],[0,0],[-14.278,-10.699]],"v":[[-100.985,35],[-98.383,9.106],[-106,35.691],[-118.11,84.138],[-76.573,103.028],[-100.985,68.535]],"c":true}]},{"i":{"x":0.667,"y":1},"o":{"x":0.333,"y":0},"t":29,"s":[{"i":[[0,0],[-4.392,9.159],[-0.766,-20.383],[-11.316,-20.287],[0,0],[-11,22]],"o":[[-3.187,-8.025],[0,0],[0,0],[9.681,17.357],[0,0],[-14.278,-10.699]],"v":[[-100.985,38.5],[-98.383,12.606],[-106,39.191],[-118.11,84.138],[-76.573,103.028],[-100.985,68.535]],"c":true}]},{"i":{"x":0.667,"y":1},"o":{"x":0.333,"y":0},"t":58.822,"s":[{"i":[[0,0],[-4.392,9.159],[-0.766,-20.383],[-11.316,-20.287],[0,0],[-11,22]],"o":[[-3.187,-8.025],[0,0],[0,0],[9.681,17.357],[0,0],[-14.278,-10.699]],"v":[[-100.985,35],[-98.383,9.106],[-106,35.691],[-118.11,84.138],[-76.573,103.028],[-100.985,68.535]],"c":true}]},{"i":{"x":0.667,"y":1},"o":{"x":0.333,"y":0},"t":90.215,"s":[{"i":[[0,0],[-4.392,9.159],[-0.766,-20.383],[-11.316,-20.287],[0,0],[-11,22]],"o":[[-3.187,-8.025],[0,0],[0,0],[9.681,17.357],[0,0],[-14.278,-10.699]],"v":[[-100.985,38.5],[-98.383,12.606],[-106,39.191],[-118.11,84.138],[-76.573,103.028],[-100.985,68.535]],"c":true}]},{"t":121.607421875,"s":[{"i":[[0,0],[-4.392,9.159],[-0.766,-20.383],[-11.316,-20.287],[0,0],[-11,22]],"o":[[-3.187,-8.025],[0,0],[0,0],[9.681,17.357],[0,0],[-14.278,-10.699]],"v":[[-100.985,35],[-98.383,9.106],[-106,35.691],[-118.11,84.138],[-76.573,103.028],[-100.985,68.535]],"c":true}]}],"ix":2},"nm":"Path 1","mn":"ADBE Vector Shape - Group","hd":false},{"ty":"fl","c":{"a":0,"k":[0.905882358551,0.905882358551,0.878431379795,1],"ix":4},"o":{"a":0,"k":100,"ix":5},"r":1,"bm":0,"nm":"Fill 1","mn":"ADBE Vector Graphic - Fill","hd":false},{"ty":"tr","p":{"a":0,"k":[0,0],"ix":2},"a":{"a":0,"k":[0,0],"ix":1},"s":{"a":0,"k":[100,100],"ix":3},"r":{"a":0,"k":0,"ix":6},"o":{"a":0,"k":100,"ix":7},"sk":{"a":0,"k":0,"ix":4},"sa":{"a":0,"k":0,"ix":5},"nm":"Transform"}],"nm":"Group 9","np":2,"cix":2,"bm":0,"ix":4,"mn":"ADBE Vector Group","hd":false},{"ty":"gr","it":[{"ind":0,"ty":"sh","ix":1,"ks":{"a":1,"k":[{"i":{"x":0.667,"y":1},"o":{"x":0.333,"y":0},"t":-0.823,"s":[{"i":[[0,0],[16.955,-6.492],[6.053,2.702],[-0.083,-10.687],[-24,-20],[-14,18],[0,0],[4.846,8.619],[0,0]],"o":[[-14.806,-8.12],[-4.738,-6.638],[-6.767,6.485],[0,0],[15,17],[22,-24],[0.358,-12.363],[0,0],[0,0]],"v":[[-35.5,23.5],[-83.5,23.5],[-98.5,8.5],[-106.5,35.5],[-112.5,91.5],[5.5,92.5],[2.5,40.5],[-3.5,8.5],[-22.5,23.5]],"c":false}]},{"i":{"x":0.667,"y":1},"o":{"x":0.333,"y":0},"t":29,"s":[{"i":[[0,0],[16.955,-6.492],[6.053,2.702],[-0.083,-10.687],[-24,-20],[-14,18],[0,0],[4.846,8.619],[0,0]],"o":[[-14.806,-8.12],[-4.738,-6.638],[-6.767,6.485],[0,0],[15,17],[22,-24],[0.358,-12.363],[0,0],[0,0]],"v":[[-35.5,27],[-83.5,27],[-98.5,12],[-106.5,39],[-112.5,91.5],[5.5,92.5],[2.5,44],[-3.5,12],[-22.5,27]],"c":false}]},{"i":{"x":0.667,"y":1},"o":{"x":0.333,"y":0},"t":58.822,"s":[{"i":[[0,0],[16.955,-6.492],[6.053,2.702],[-0.083,-10.687],[-24,-20],[-14,18],[0,0],[4.846,8.619],[0,0]],"o":[[-14.806,-8.12],[-4.738,-6.638],[-6.767,6.485],[0,0],[15,17],[22,-24],[0.358,-12.363],[0,0],[0,0]],"v":[[-35.5,23.5],[-83.5,23.5],[-98.5,8.5],[-106.5,35.5],[-112.5,91.5],[5.5,92.5],[2.5,40.5],[-3.5,8.5],[-22.5,23.5]],"c":false}]},{"i":{"x":0.667,"y":1},"o":{"x":0.333,"y":0},"t":90.215,"s":[{"i":[[0,0],[16.955,-6.492],[6.053,2.702],[-0.083,-10.687],[-24,-20],[-14,18],[0,0],[4.846,8.619],[0,0]],"o":[[-14.806,-8.12],[-4.738,-6.638],[-6.767,6.485],[0,0],[15,17],[22,-24],[0.358,-12.363],[0,0],[0,0]],"v":[[-35.5,27],[-83.5,27],[-98.5,12],[-106.5,39],[-112.5,91.5],[5.5,92.5],[2.5,44],[-3.5,12],[-22.5,27]],"c":false}]},{"t":121.607421875,"s":[{"i":[[0,0],[16.955,-6.492],[6.053,2.702],[-0.083,-10.687],[-24,-20],[-14,18],[0,0],[4.846,8.619],[0,0]],"o":[[-14.806,-8.12],[-4.738,-6.638],[-6.767,6.485],[0,0],[15,17],[22,-24],[0.358,-12.363],[0,0],[0,0]],"v":[[-35.5,23.5],[-83.5,23.5],[-98.5,8.5],[-106.5,35.5],[-112.5,91.5],[5.5,92.5],[2.5,40.5],[-3.5,8.5],[-22.5,23.5]],"c":false}]}],"ix":2},"nm":"Path 1","mn":"ADBE Vector Shape - Group","hd":false},{"ty":"st","c":{"a":0,"k":[0.505882382393,0.537254929543,0.568627476692,1],"ix":3},"o":{"a":0,"k":100,"ix":4},"w":{"a":0,"k":1,"ix":5},"lc":1,"lj":1,"ml":10,"bm":0,"nm":"Stroke 1","mn":"ADBE Vector Graphic - Stroke","hd":false},{"ty":"fl","c":{"a":0,"k":[0.854901969433,0.843137264252,0.772549033165,1],"ix":4},"o":{"a":0,"k":100,"ix":5},"r":1,"bm":0,"nm":"Fill 1","mn":"ADBE Vector Graphic - Fill","hd":false},{"ty":"tr","p":{"a":0,"k":[0,0],"ix":2},"a":{"a":0,"k":[0,0],"ix":1},"s":{"a":0,"k":[100,100],"ix":3},"r":{"a":0,"k":0,"ix":6},"o":{"a":0,"k":100,"ix":7},"sk":{"a":0,"k":0,"ix":4},"sa":{"a":0,"k":0,"ix":5},"nm":"Transform"}],"nm":"Group 10","np":3,"cix":2,"bm":0,"ix":5,"mn":"ADBE Vector Group","hd":false}],"ip":0,"op":150,"st":0,"bm":0},{"ddd":0,"ind":5,"ty":4,"nm":"right-hand","sr":1,"ks":{"o":{"a":0,"k":100,"ix":11},"r":{"a":0,"k":0,"ix":10},"p":{"a":0,"k":[291.426,336.228,0],"ix":2},"a":{"a":0,"k":[43.426,87.978,0],"ix":1},"s":{"a":0,"k":[100,100,100],"ix":6}},"ao":0,"shapes":[{"ty":"gr","it":[{"ind":0,"ty":"sh","ix":1,"ks":{"a":0,"k":{"i":[[24,4.468],[-12.626,-6.557],[0,0]],"o":[[0,0],[9.83,5.105],[0,0]],"v":[[24.915,68.128],[52.043,80.64],[61.745,86.511]],"c":true},"ix":2},"nm":"Path 1","mn":"ADBE Vector Shape - Group","hd":false},{"ty":"fl","c":{"a":0,"k":[0.905882358551,0.905882358551,0.878431379795,1],"ix":4},"o":{"a":0,"k":100,"ix":5},"r":1,"bm":0,"nm":"Fill 1","mn":"ADBE Vector Graphic - Fill","hd":false},{"ty":"tr","p":{"a":0,"k":[0,0],"ix":2},"a":{"a":0,"k":[0,0],"ix":1},"s":{"a":0,"k":[100,100],"ix":3},"r":{"a":0,"k":0,"ix":6},"o":{"a":0,"k":100,"ix":7},"sk":{"a":0,"k":0,"ix":4},"sa":{"a":0,"k":0,"ix":5},"nm":"Transform"}],"nm":"Group 1","np":2,"cix":2,"bm":0,"ix":1,"mn":"ADBE Vector Group","hd":false},{"ty":"gr","it":[{"ind":0,"ty":"sh","ix":1,"ks":{"a":0,"k":{"i":[[0,0],[-10.298,-2.064],[-5.681,3.351],[8.059,4.947],[0.545,-4.691],[2.839,0.121]],"o":[[0,0],[10.298,2.064],[5.018,-2.96],[3.106,3.415],[-1.353,11.641],[0,0]],"v":[[14.257,91.209],[48.83,105.149],[69.808,105.53],[64.064,89.511],[67.979,99.517],[14.257,91.209]],"c":true},"ix":2},"nm":"Path 1","mn":"ADBE Vector Shape - Group","hd":false},{"ty":"fl","c":{"a":0,"k":[0.905882358551,0.905882358551,0.878431379795,1],"ix":4},"o":{"a":0,"k":100,"ix":5},"r":1,"bm":0,"nm":"Fill 1","mn":"ADBE Vector Graphic - Fill","hd":false},{"ty":"tr","p":{"a":0,"k":[0,0],"ix":2},"a":{"a":0,"k":[0,0],"ix":1},"s":{"a":0,"k":[100,100],"ix":3},"r":{"a":0,"k":0,"ix":6},"o":{"a":0,"k":100,"ix":7},"sk":{"a":0,"k":0,"ix":4},"sa":{"a":0,"k":0,"ix":5},"nm":"Transform"}],"nm":"Group 2","np":2,"cix":2,"bm":0,"ix":2,"mn":"ADBE Vector Group","hd":false},{"ty":"gr","it":[{"ind":0,"ty":"sh","ix":1,"ks":{"a":0,"k":{"i":[[0,0],[9.316,-14.464],[0,0]],"o":[[0,0],[-8.247,12.806],[0,0]],"v":[[24.749,68.535],[71.789,104.219],[14.024,91.648]],"c":false},"ix":2},"nm":"Path 1","mn":"ADBE Vector Shape - Group","hd":false},{"ty":"st","c":{"a":0,"k":[0.505882382393,0.537254929543,0.568627476692,1],"ix":3},"o":{"a":0,"k":100,"ix":4},"w":{"a":0,"k":1,"ix":5},"lc":1,"lj":1,"ml":10,"bm":0,"nm":"Stroke 1","mn":"ADBE Vector Graphic - Stroke","hd":false},{"ty":"fl","c":{"a":0,"k":[0.854901969433,0.843137264252,0.772549033165,1],"ix":4},"o":{"a":0,"k":100,"ix":5},"r":1,"bm":0,"nm":"Fill 1","mn":"ADBE Vector Graphic - Fill","hd":false},{"ty":"tr","p":{"a":0,"k":[0,0],"ix":2},"a":{"a":0,"k":[0,0],"ix":1},"s":{"a":0,"k":[100,100],"ix":3},"r":{"a":0,"k":0,"ix":6},"o":{"a":0,"k":100,"ix":7},"sk":{"a":0,"k":0,"ix":4},"sa":{"a":0,"k":0,"ix":5},"nm":"Transform"}],"nm":"Group 3","np":3,"cix":2,"bm":0,"ix":3,"mn":"ADBE Vector Group","hd":false}],"ip":0,"op":150,"st":0,"bm":0},{"ddd":0,"ind":6,"ty":4,"nm":"left-hand","sr":1,"ks":{"o":{"a":0,"k":100,"ix":11},"r":{"a":0,"k":0,"ix":10},"p":{"a":0,"k":[105.755,331.611,0],"ix":2},"a":{"a":0,"k":[-144.245,81.611,0],"ix":1},"s":{"a":0,"k":[100,100,100],"ix":6}},"ao":0,"shapes":[{"ty":"gr","it":[{"ind":0,"ty":"sh","ix":1,"ks":{"a":0,"k":{"i":[[0,0],[11.917,-6.708],[-1.567,-2.629],[-30.159,8.596],[0,0]],"o":[[0,0],[-11.755,6.617],[0.112,-4.644],[18.6,-5.301],[0,0]],"v":[[-121.806,65.146],[-163.787,79.415],[-172.59,93.133],[-144.245,74.957],[-122.404,69.34]],"c":true},"ix":2},"nm":"Path 1","mn":"ADBE Vector Shape - Group","hd":false},{"ty":"fl","c":{"a":0,"k":[0.905882358551,0.905882358551,0.878431379795,1],"ix":4},"o":{"a":0,"k":100,"ix":5},"r":1,"bm":0,"nm":"Fill 1","mn":"ADBE Vector Graphic - Fill","hd":false},{"ty":"tr","p":{"a":0,"k":[0,0],"ix":2},"a":{"a":0,"k":[0,0],"ix":1},"s":{"a":0,"k":[100,100],"ix":3},"r":{"a":0,"k":0,"ix":6},"o":{"a":0,"k":100,"ix":7},"sk":{"a":0,"k":0,"ix":4},"sa":{"a":0,"k":0,"ix":5},"nm":"Transform"}],"nm":"Group 1","np":2,"cix":2,"bm":0,"ix":1,"mn":"ADBE Vector Group","hd":false},{"ty":"gr","it":[{"ind":0,"ty":"sh","ix":1,"ks":{"a":0,"k":{"i":[[0,0],[-6.777,-15.814],[0,0]],"o":[[0,0],[6,14],[0,0]],"v":[[-121.176,65.146],[-173.5,92.5],[-114.449,89.722]],"c":false},"ix":2},"nm":"Path 1","mn":"ADBE Vector Shape - Group","hd":false},{"ty":"st","c":{"a":0,"k":[0.505882382393,0.537254929543,0.568627476692,1],"ix":3},"o":{"a":0,"k":100,"ix":4},"w":{"a":0,"k":1,"ix":5},"lc":1,"lj":1,"ml":10,"bm":0,"nm":"Stroke 1","mn":"ADBE Vector Graphic - Stroke","hd":false},{"ty":"fl","c":{"a":0,"k":[0.854901969433,0.843137264252,0.772549033165,1],"ix":4},"o":{"a":0,"k":100,"ix":5},"r":1,"bm":0,"nm":"Fill 1","mn":"ADBE Vector Graphic - Fill","hd":false},{"ty":"tr","p":{"a":0,"k":[0,0],"ix":2},"a":{"a":0,"k":[0,0],"ix":1},"s":{"a":0,"k":[100,100],"ix":3},"r":{"a":0,"k":0,"ix":6},"o":{"a":0,"k":100,"ix":7},"sk":{"a":0,"k":0,"ix":4},"sa":{"a":0,"k":0,"ix":5},"nm":"Transform"}],"nm":"Group 2","np":3,"cix":2,"bm":0,"ix":2,"mn":"ADBE Vector Group","hd":false}],"ip":0,"op":150,"st":0,"bm":0},{"ddd":0,"ind":7,"ty":4,"nm":"tail","sr":1,"ks":{"o":{"a":0,"k":100,"ix":11},"r":{"a":0,"k":0,"ix":10},"p":{"a":0,"k":[371.394,175.109,0],"ix":2},"a":{"a":0,"k":[121.394,-74.891,0],"ix":1},"s":{"a":0,"k":[100,100,100],"ix":6}},"ao":0,"shapes":[{"ty":"gr","it":[{"ind":0,"ty":"sh","ix":1,"ks":{"a":1,"k":[{"i":{"x":0.667,"y":1},"o":{"x":0.333,"y":0},"t":-0.823,"s":[{"i":[[0,0],[0,0],[8.649,65.298]],"o":[[55.388,33.257],[0,0],[-6.84,-56.617]],"v":[[116.08,-167.151],[115.014,18.043],[146.904,-119.787]],"c":true}]},{"i":{"x":0.667,"y":1},"o":{"x":0.333,"y":0},"t":29,"s":[{"i":[[0,0],[0,0],[46.596,70.287]],"o":[[110.92,54.651],[0,0],[-35.154,-44.213]],"v":[[49.08,-146.151],[115.014,18.043],[110.154,-111.787]],"c":true}]},{"i":{"x":0.667,"y":1},"o":{"x":0.333,"y":0},"t":58.822,"s":[{"i":[[0,0],[0,0],[8.649,65.298]],"o":[[55.388,33.257],[0,0],[-6.84,-56.617]],"v":[[116.08,-167.151],[115.014,18.043],[146.904,-119.787]],"c":true}]},{"i":{"x":0.667,"y":1},"o":{"x":0.333,"y":0},"t":90.215,"s":[{"i":[[0,0],[0,0],[46.596,70.287]],"o":[[110.92,54.651],[0,0],[-35.154,-44.213]],"v":[[49.08,-146.151],[115.014,18.043],[110.154,-111.787]],"c":true}]},{"t":123.1767578125,"s":[{"i":[[0,0],[0,0],[8.649,65.298]],"o":[[55.388,33.257],[0,0],[-6.84,-56.617]],"v":[[116.08,-167.151],[115.014,18.043],[146.904,-119.787]],"c":true}]}],"ix":2},"nm":"Path 1","mn":"ADBE Vector Shape - Group","hd":false},{"ty":"fl","c":{"a":0,"k":[0.905882358551,0.905882358551,0.878431379795,1],"ix":4},"o":{"a":0,"k":100,"ix":5},"r":1,"bm":0,"nm":"Fill 1","mn":"ADBE Vector Graphic - Fill","hd":false},{"ty":"tr","p":{"a":0,"k":[0,0],"ix":2},"a":{"a":0,"k":[0,0],"ix":1},"s":{"a":0,"k":[100,100],"ix":3},"r":{"a":0,"k":0,"ix":6},"o":{"a":0,"k":100,"ix":7},"sk":{"a":0,"k":0,"ix":4},"sa":{"a":0,"k":0,"ix":5},"nm":"Transform"}],"nm":"Group 1","np":2,"cix":2,"bm":0,"ix":1,"mn":"ADBE Vector Group","hd":false},{"ty":"gr","it":[{"ind":0,"ty":"sh","ix":1,"ks":{"a":1,"k":[{"i":{"x":0.667,"y":1},"o":{"x":0.333,"y":0},"t":-0.823,"s":[{"i":[[-39.73,88.541],[-28,9],[53.764,-101.15]],"o":[[35,-78],[32.383,-10.409],[-9.817,18.47]],"v":[[94.5,4.5],[115.5,-167.5],[115.5,18.5]],"c":false}]},{"i":{"x":0.667,"y":1},"o":{"x":0.333,"y":0},"t":29,"s":[{"i":[[-39.73,88.541],[-28,9],[53.764,-101.15]],"o":[[35,-78],[32.383,-10.409],[-9.817,18.47]],"v":[[94.5,4.5],[48.5,-146.5],[115.5,18.5]],"c":false}]},{"i":{"x":0.667,"y":1},"o":{"x":0.333,"y":0},"t":58.822,"s":[{"i":[[-39.73,88.541],[-28,9],[53.764,-101.15]],"o":[[35,-78],[32.383,-10.409],[-9.817,18.47]],"v":[[94.5,4.5],[115.5,-167.5],[115.5,18.5]],"c":false}]},{"i":{"x":0.667,"y":1},"o":{"x":0.333,"y":0},"t":90.215,"s":[{"i":[[-39.73,88.541],[-28,9],[53.764,-101.15]],"o":[[35,-78],[32.383,-10.409],[-9.817,18.47]],"v":[[94.5,4.5],[48.5,-146.5],[115.5,18.5]],"c":false}]},{"t":123.1767578125,"s":[{"i":[[-39.73,88.541],[-28,9],[53.764,-101.15]],"o":[[35,-78],[32.383,-10.409],[-9.817,18.47]],"v":[[94.5,4.5],[115.5,-167.5],[115.5,18.5]],"c":false}]}],"ix":2},"nm":"Path 1","mn":"ADBE Vector Shape - Group","hd":false},{"ty":"st","c":{"a":0,"k":[0.505882382393,0.537254929543,0.568627476692,1],"ix":3},"o":{"a":0,"k":100,"ix":4},"w":{"a":0,"k":1,"ix":5},"lc":1,"lj":1,"ml":10,"bm":0,"nm":"Stroke 1","mn":"ADBE Vector Graphic - Stroke","hd":false},{"ty":"fl","c":{"a":0,"k":[0.854901969433,0.843137264252,0.772549033165,1],"ix":4},"o":{"a":0,"k":100,"ix":5},"r":1,"bm":0,"nm":"Fill 1","mn":"ADBE Vector Graphic - Fill","hd":false},{"ty":"tr","p":{"a":0,"k":[0,0],"ix":2},"a":{"a":0,"k":[0,0],"ix":1},"s":{"a":0,"k":[100,100],"ix":3},"r":{"a":0,"k":0,"ix":6},"o":{"a":0,"k":100,"ix":7},"sk":{"a":0,"k":0,"ix":4},"sa":{"a":0,"k":0,"ix":5},"nm":"Transform"}],"nm":"Group 2","np":3,"cix":2,"bm":0,"ix":2,"mn":"ADBE Vector Group","hd":false}],"ip":0,"op":150,"st":0,"bm":0},{"ddd":0,"ind":8,"ty":4,"nm":"stomach","sr":1,"ks":{"o":{"a":0,"k":100,"ix":11},"r":{"a":0,"k":0,"ix":10},"p":{"a":0,"k":[303.33,290.816,0],"ix":2},"a":{"a":0,"k":[53.33,40.816,0],"ix":1},"s":{"a":0,"k":[100,100,100],"ix":6}},"ao":0,"shapes":[{"ty":"gr","it":[{"ind":0,"ty":"sh","ix":1,"ks":{"a":0,"k":{"i":[[0,0],[0,0],[-29.417,-34.402],[0,0],[9.957,4.213],[7.215,8.648]],"o":[[0,0],[0,0],[9.796,11.455],[0,0],[-12.383,-6],[-9.319,-11.17]],"v":[[117.085,16.681],[115.915,18.723],[155.213,55.809],[190.83,72.83],[174.149,66.915],[147.085,44.191]],"c":true},"ix":2},"nm":"Path 1","mn":"ADBE Vector Shape - Group","hd":false},{"ty":"fl","c":{"a":0,"k":[0.905882358551,0.905882358551,0.878431379795,1],"ix":4},"o":{"a":0,"k":100,"ix":5},"r":1,"bm":0,"nm":"Fill 1","mn":"ADBE Vector Graphic - Fill","hd":false},{"ty":"tr","p":{"a":0,"k":[0,0],"ix":2},"a":{"a":0,"k":[0,0],"ix":1},"s":{"a":0,"k":[100,100],"ix":3},"r":{"a":0,"k":0,"ix":6},"o":{"a":0,"k":100,"ix":7},"sk":{"a":0,"k":0,"ix":4},"sa":{"a":0,"k":0,"ix":5},"nm":"Transform"}],"nm":"Group 1","np":2,"cix":2,"bm":0,"ix":1,"mn":"ADBE Vector Group","hd":false},{"ty":"gr","it":[{"ind":0,"ty":"sh","ix":1,"ks":{"a":1,"k":[{"i":{"x":0.667,"y":1},"o":{"x":0.333,"y":0},"t":-0.823,"s":[{"i":[[0,0],[-9.511,-4.883],[-61.994,-16.241],[62.34,-1.362]],"o":[[10.372,-1.101],[29.331,-33.342],[0,0],[-50.01,4.646]],"v":[[-63.745,17.846],[-35.293,23.064],[95.367,1.122],[11,-16.83]],"c":true}]},{"i":{"x":0.667,"y":1},"o":{"x":0.333,"y":0},"t":29,"s":[{"i":[[0,0],[-9.511,-4.883],[-61.994,-16.241],[62.34,-1.362]],"o":[[10.372,-1.101],[29.331,-33.342],[0,0],[-52,2.33]],"v":[[-68.245,22.346],[-36.418,26.314],[95.367,1.122],[11,-12.33]],"c":true}]},{"i":{"x":0.667,"y":1},"o":{"x":0.333,"y":0},"t":58.822,"s":[{"i":[[0,0],[-9.511,-4.883],[-61.994,-16.241],[62.34,-1.362]],"o":[[10.372,-1.101],[29.331,-33.342],[0,0],[-50.01,4.646]],"v":[[-63.745,17.846],[-35.293,23.064],[95.367,1.122],[11,-16.83]],"c":true}]},{"i":{"x":0.667,"y":1},"o":{"x":0.333,"y":0},"t":90,"s":[{"i":[[0,0],[-9.511,-4.883],[-61.994,-16.241],[62.34,-1.362]],"o":[[10.372,-1.101],[29.331,-33.342],[0,0],[-52,2.33]],"v":[[-68.245,22.346],[-36.418,26.314],[95.367,1.122],[11,-12.33]],"c":true}]},{"t":123.1767578125,"s":[{"i":[[0,0],[-9.511,-4.883],[-61.994,-16.241],[62.34,-1.362]],"o":[[10.372,-1.101],[29.331,-33.342],[0,0],[-50.01,4.646]],"v":[[-63.745,17.846],[-35.293,23.064],[95.367,1.122],[11,-16.83]],"c":true}]}],"ix":2},"nm":"Path 1","mn":"ADBE Vector Shape - Group","hd":false},{"ty":"fl","c":{"a":0,"k":[0.905882358551,0.905882358551,0.878431379795,1],"ix":4},"o":{"a":0,"k":100,"ix":5},"r":1,"bm":0,"nm":"Fill 1","mn":"ADBE Vector Graphic - Fill","hd":false},{"ty":"tr","p":{"a":0,"k":[0,0],"ix":2},"a":{"a":0,"k":[0,0],"ix":1},"s":{"a":0,"k":[100,100],"ix":3},"r":{"a":0,"k":0,"ix":6},"o":{"a":0,"k":100,"ix":7},"sk":{"a":0,"k":0,"ix":4},"sa":{"a":0,"k":0,"ix":5},"nm":"Transform"}],"nm":"Group 2","np":2,"cix":2,"bm":0,"ix":2,"mn":"ADBE Vector Group","hd":false},{"ty":"gr","it":[{"ind":0,"ty":"sh","ix":1,"ks":{"a":1,"k":[{"i":{"x":0.667,"y":1},"o":{"x":0.333,"y":0},"t":-0.823,"s":[{"i":[[-20.458,4.531],[-40,-10],[4,3],[17.277,19.66],[0,0],[55,4],[0,0],[-108.538,17.575]],"o":[[20.458,-4.531],[40,10],[-4,-3],[-29,-33],[0,0],[-62.961,-4.579],[-35.036,52.86],[0,0]],"v":[[2.958,94.969],[166.5,87.5],[193.5,73.5],[153.5,50.5],[96.5,1.5],[28.5,-17.5],[-69.5,23.5],[2.958,94.969]],"c":false}]},{"i":{"x":0.667,"y":1},"o":{"x":0.333,"y":0},"t":29,"s":[{"i":[[-20.458,4.531],[-40,-10],[4,3],[17.277,19.66],[0,0],[55,4],[0,0],[-108.538,17.575]],"o":[[20.458,-4.531],[40,10],[-4,-3],[-29,-33],[0,0],[-62.961,-4.579],[-35.036,52.86],[0,0]],"v":[[2.958,91.219],[166.5,87.5],[193.5,73.5],[153.5,50.5],[96.5,1.5],[28.5,-13],[-69.5,23.5],[2.958,94.969]],"c":false}]},{"i":{"x":0.667,"y":1},"o":{"x":0.333,"y":0},"t":58.822,"s":[{"i":[[-20.458,4.531],[-40,-10],[4,3],[17.277,19.66],[0,0],[55,4],[0,0],[-108.538,17.575]],"o":[[20.458,-4.531],[40,10],[-4,-3],[-29,-33],[0,0],[-62.961,-4.579],[-35.036,52.86],[0,0]],"v":[[3.27,98.406],[166.5,87.5],[193.5,73.5],[153.5,50.5],[96.5,1.5],[28.5,-17.5],[-69.5,23.5],[3.27,98.406]],"c":false}]},{"i":{"x":0.667,"y":1},"o":{"x":0.333,"y":0},"t":90.215,"s":[{"i":[[-20.458,4.531],[-40,-10],[4,3],[17.277,19.66],[0,0],[55,4],[0,0],[-108.538,17.575]],"o":[[20.458,-4.531],[40,10],[-4,-3],[-29,-33],[0,0],[-62.961,-4.579],[-35.036,52.86],[0,0]],"v":[[2.958,94.969],[166.5,87.5],[193.5,73.5],[153.5,50.5],[96.5,1.5],[28.5,-13],[-69.5,23.5],[2.958,94.969]],"c":false}]},{"t":123.1767578125,"s":[{"i":[[-20.458,4.531],[-40,-10],[4,3],[17.277,19.66],[0,0],[55,4],[0,0],[-108.538,17.575]],"o":[[20.458,-4.531],[40,10],[-4,-3],[-29,-33],[0,0],[-62.961,-4.579],[-35.036,52.86],[0,0]],"v":[[2.958,94.969],[166.5,87.5],[193.5,73.5],[153.5,50.5],[96.5,1.5],[28.5,-17.5],[-69.5,23.5],[2.958,94.969]],"c":false}]}],"ix":2},"nm":"Path 1","mn":"ADBE Vector Shape - Group","hd":false},{"ty":"st","c":{"a":0,"k":[0.505882382393,0.537254929543,0.568627476692,1],"ix":3},"o":{"a":0,"k":100,"ix":4},"w":{"a":0,"k":1,"ix":5},"lc":1,"lj":1,"ml":10,"bm":0,"nm":"Stroke 1","mn":"ADBE Vector Graphic - Stroke","hd":false},{"ty":"fl","c":{"a":0,"k":[0.854901969433,0.843137264252,0.772549033165,1],"ix":4},"o":{"a":0,"k":100,"ix":5},"r":1,"bm":0,"nm":"Fill 1","mn":"ADBE Vector Graphic - Fill","hd":false},{"ty":"tr","p":{"a":0,"k":[0,0],"ix":2},"a":{"a":0,"k":[0,0],"ix":1},"s":{"a":0,"k":[100,100],"ix":3},"r":{"a":0,"k":0,"ix":6},"o":{"a":0,"k":100,"ix":7},"sk":{"a":0,"k":0,"ix":4},"sa":{"a":0,"k":0,"ix":5},"nm":"Transform"}],"nm":"Group 3","np":3,"cix":2,"bm":0,"ix":3,"mn":"ADBE Vector Group","hd":false}],"ip":0,"op":150,"st":0,"bm":0}],"markers":[]}